method,validation_accuracy,validation_macro_f1,validation_ece,complexity_parameters,epochs_run
shallow_mlp,0.82,0.6404562227143095,0.0709331609668402,9438725,12
deeper_mlp,0.8355172413793104,0.6409245939072318,0.0143979715478831,9478917,30
cnn_ordinary,0.863448275862069,0.699898330241753,0.0273881056390959,160453,22
cnn_scheduled,0.8789655172413793,0.7334202700209546,0.0129340052810208,160453,29
cnn_four_blocks_scheduled,0.8993103448275862,0.7901228224704215,0.016782575455205173,654021,20
shallow_mlp_lower_lr,0.8468965517241379,0.7117527943783131,0.020750089143884563,9438725,12
deeper_mlp_lower_lr,0.8182758620689655,0.6176700479165282,0.040827886441658245,9478917,9
cnn_continue,0.9017241379310345,0.7808003905829917,0.02090299158260738,654021,5
cnn_continue_weighted,0.8962068965517241,0.7812602834214051,0.016520118189269083,654021,8
